Voltage_V,CurrentDensity_mAcm2
-0.73423023,-5.59408809
-0.62832333,-5.59183472
-0.53250879,-5.58958134
-0.44544255,-5.58732797
-0.36597093,-5.58507459
-0.29310742,-5.58282122
-0.22605127,-5.58056785
-0.16408568,-5.57831447
-0.10664707,-5.57606110
-0.05318915,-5.57380772
-0.00329164,-5.57155435
0.04342175,-5.56930098
0.08730390,-5.56704760
0.12862160,-5.56479423
0.16764519,-5.56254085
0.20458409,-5.56028748
0.23962657,-5.55803411
0.27296468,-5.55578073
0.30474664,-5.55352736
0.33509567,-5.55127398
0.36412897,-5.54902061
0.39196207,-5.54676723
0.41869985,-5.54451386
0.44441967,-5.54226049
0.46918572,-5.54000711
0.49308657,-5.53775374
0.51618927,-5.53550036
0.53851101,-5.53324699
0.56013712,-5.53099362
0.58110864,-5.52874024
0.60146520,-5.52648687
0.62124395,-5.52423349
0.64047925,-5.52198012
0.65920489,-5.51972675
0.67745200,-5.51747337
0.69523763,-5.51522000
0.71257741,-5.51296662
0.72951824,-5.51071325
0.74608439,-5.50845988
0.76224785,-5.50620650
0.77807975,-5.50395313
0.79356563,-5.50169975
0.80873062,-5.49944638
0.82358692,-5.49719301
0.83814877,-5.49493963
0.85241854,-5.49268626
0.86643456,-5.49043288
0.88015823,-5.48817951
0.89364667,-5.48592614
0.90689621,-5.48367276
0.91988923,-5.48141939
0.93266628,-5.47916601
0.94523207,-5.47691264
0.95757316,-5.47465927
0.96970119,-5.47240589
0.98163457,-5.47015252
0.99337801,-5.46789914
1.00493568,-5.46564577
1.01631214,-5.46339240
1.02749453,-5.46113902
1.03850593,-5.45888565
1.04935005,-5.45663227
1.06003092,-5.45437890
1.07055209,-5.45212552
1.08091722,-5.44987215
1.09112984,-5.44761878
1.10119364,-5.44536540
1.11111210,-5.44311203
1.12088860,-5.44085865
1.13052671,-5.43860528
1.14002987,-5.43635191
1.14941717,-5.43409853
1.15869674,-5.43184516
1.16781498,-5.42959178
1.17681126,-5.42733841
1.18567679,-5.42508504
1.19441910,-5.42283166
1.20304697,-5.42057829
1.21156347,-5.41832491
1.21997176,-5.41607154
1.22827502,-5.41381817
1.23647573,-5.41156479
1.24454745,-5.40931142
1.25252150,-5.40705804
1.26040359,-5.40480467
1.26819480,-5.40255130
1.27587924,-5.40029792
1.28345302,-5.39804455
1.29094285,-5.39579117
1.29835142,-5.39353780
1.30566608,-5.39128443
1.31287373,-5.38903105
1.32000721,-5.38677768
1.32706962,-5.38452430
1.33401881,-5.38227093
1.34089336,-5.38001756
1.34770404,-5.37776418
1.35441427,-5.37551081
1.36104617,-5.37325743
1.36762145,-5.37100406
1.37409660,-5.36875068
1.38050223,-5.36649731
1.38685849,-5.36424394
1.39310214,-5.36199056
1.39929778,-5.35973719
1.40542695,-5.35748381
1.41146692,-5.35523044
1.41746893,-5.35297707
1.42337171,-5.35072369
1.42922704,-5.34847032
1.43501782,-5.34621694
1.44073154,-5.34396357
1.44641128,-5.34171020
1.45198842,-5.33945682
1.45754348,-5.33720345
1.46300365,-5.33495007
1.46843155,-5.33269670
1.47378324,-5.33044333
1.47908913,-5.32818995
1.48433325,-5.32593658
1.48952230,-5.32368320
1.49465956,-5.32142983
1.49973698,-5.31917646
1.50476836,-5.31692308
1.50973935,-5.31466971
1.51466552,-5.31241633
1.51953532,-5.31016296
1.52435714,-5.30790959
1.52913106,-5.30565621
1.53384926,-5.30340284
1.53853265,-5.30114946
1.54314808,-5.29889609
1.54774641,-5.29664272
1.55225990,-5.29438934
1.55677339,-5.29213597
1.56119103,-5.28988259
1.56560338,-5.28762922
1.56994785,-5.28537584
1.57425988,-5.28312247
1.57853681,-5.28086910
1.58274926,-5.27861572
1.58696171,-5.27636235
1.59107802,-5.27410897
1.59519170,-5.27185560
1.59925270,-5.26960223
1.60326826,-5.26734885
1.60727984,-5.26509548
1.61119797,-5.26284210
1.61511609,-5.26058873
1.61898753,-5.25833536
1.62280890,-5.25608198
1.62663027,-5.25382861
1.63036901,-5.25157523
1.63409422,-5.24932186
1.63780334,-5.24706849
1.64143293,-5.24481511
1.64506251,-5.24256174
1.64865346,-5.24030836
1.65218792,-5.23805499
1.65572238,-5.23580162
1.65920290,-5.23354824
1.66264264,-5.23129487
1.66608238,-5.22904149
1.66946022,-5.22678812
1.67280538,-5.22453475
1.67615053,-5.22228137
1.67943365,-5.22002800
1.68268434,-5.21777462
1.68593503,-5.21552125
1.68913162,-5.21326788
1.69228768,-5.21101450
1.69544373,-5.20876113
1.69856232,-5.20650775
1.70162325,-5.20425438
1.70468418,-5.20200101
1.70773390,-5.19974763
1.71069897,-5.19749426
1.71366404,-5.19524088
1.71662911,-5.19298751
1.71952297,-5.19073413
1.72239100,-5.18848076
1.72525904,-5.18622739
1.72810380,-5.18397401
1.73087319,-5.18172064
1.73364257,-5.17946726
1.73641195,-5.17721389
1.73911954,-5.17496052
1.74178810,-5.17270714
1.74445665,-5.17045377
1.74712520,-5.16820039
1.74970543,-5.16594702
1.75227037,-5.16369365
1.75483531,-5.16144027
1.75740025,-5.15918690
1.75986457,-5.15693352
1.76232243,-5.15468015
1.76478028,-5.15242678
1.76723813,-5.15017340
1.76960088,-5.14792003
1.77194757,-5.14566665
1.77429427,-5.14341328
1.77664096,-5.14115991
1.77892073,-5.13890653
1.78115152,-5.13665316
1.78338231,-5.13439978
1.78561309,-5.13214641
1.78783467,-5.12989304
1.78994435,-5.12763966
1.79205403,-5.12538629
1.79416371,-5.12313291
1.79627339,-5.12087954
1.79834318,-5.11862617
1.80032629,-5.11637279
1.80230940,-5.11411942
1.80429251,-5.11186604
1.80627562,-5.10961267
1.80822588,-5.10735929
1.81007704,-5.10510592
1.81192819,-5.10285255
1.81377935,-5.10059917
1.81563051,-5.09834580
1.81748166,-5.09609242
1.81922061,-5.09383905
1.82093490,-5.09158568
1.82264919,-5.08933230
1.82436348,-5.08707893
1.82607777,-5.08482555
1.82779205,-5.08257218
1.82937190,-5.08031881
1.83094539,-5.07806543
1.83251888,-5.07581206
1.83409237,-5.07355868
1.83566585,-5.07130531
1.83723934,-5.06905194
1.83873234,-5.06679856
1.84016259,-5.06454519
1.84159284,-5.06229181
1.84302309,-5.06003844
1.84445334,-5.05778507
1.84588359,-5.05553169
1.84731384,-5.05327832
1.84866868,-5.05102494
1.84995521,-5.04877157
1.85124174,-5.04651820
1.85252827,-5.04426482
1.85381480,-5.04201145
1.85510133,-5.03975807
1.85638786,-5.03750470
1.85767439,-5.03525133
1.85886221,-5.03299795
1.86000681,-5.03074458
1.86115142,-5.02849120
1.86229603,-5.02623783
1.86344064,-5.02398446
1.86458524,-5.02173108
1.86572985,-5.01947771
1.86687446,-5.01722433
1.86801907,-5.01497096
1.86904143,-5.01271758
1.87004834,-5.01046421
1.87105524,-5.00821084
1.87206215,-5.00595746
1.87306906,-5.00370409
1.87407596,-5.00145071
1.87508287,-4.99919734
1.87608978,-4.99694397
1.87709669,-4.99469059
1.87810359,-4.99243722
1.87899714,-4.99018384
1.87987288,-4.98793047
1.88074863,-4.98567710
1.88162438,-4.98342372
1.88250012,-4.98117035
1.88337587,-4.97891697
1.88425161,-4.97666360
1.88512736,-4.97441023
1.88600310,-4.97215685
1.88687885,-4.96990348
1.88775460,-4.96765010
1.88859068,-4.96539673
1.88934385,-4.96314336
1.89009703,-4.96088998
1.89085020,-4.95863661
1.89160337,-4.95638323
1.89235655,-4.95412986
1.89310972,-4.95187649
1.89386289,-4.94962311
1.89461607,-4.94736974
1.89536924,-4.94511636
1.89612242,-4.94286299
1.89687559,-4.94060962
1.89762876,-4.93835624
1.89838194,-4.93610287
1.89903604,-4.93384949
1.89967681,-4.93159612
1.90031758,-4.92934274
1.90095834,-4.92708937
1.90159911,-4.92483600
1.90223988,-4.92258262
1.90288065,-4.92032925
1.90352142,-4.91807587
1.90416219,-4.91582250
1.90480296,-4.91356913
1.90544373,-4.91131575
1.90608450,-4.90906238
1.90672527,-4.90680900
1.90736603,-4.90455563
1.90800680,-4.90230226
1.90864286,-4.90004888
1.90918242,-4.89779551
1.90972199,-4.89554213
1.91026156,-4.89328876
1.91080112,-4.89103539
1.91134069,-4.88878201
1.91188026,-4.88652864
1.91241982,-4.88427526
1.91295939,-4.88202189
1.91349896,-4.87976852
1.91403853,-4.87751514
1.91457809,-4.87526177
1.91511766,-4.87300839
1.91565723,-4.87075502
1.91619679,-4.86850165
1.91673636,-4.86624827
1.91727593,-4.86399490
1.91781549,-4.86174152
1.91835506,-4.85948815
1.91887761,-4.85723478
1.91932764,-4.85498140
1.91977766,-4.85272803
1.92022769,-4.85047465
1.92067771,-4.84822128
1.92112774,-4.84596790
1.92157776,-4.84371453
1.92202779,-4.84146116
1.92247781,-4.83920778
1.92292784,-4.83695441
1.92337786,-4.83470103
1.92382789,-4.83244766
1.92427791,-4.83019429
1.92472794,-4.82794091
1.92517796,-4.82568754
1.92562799,-4.82343416
1.92607801,-4.82118079
1.92652804,-4.81892742
1.92697806,-4.81667404
1.92742809,-4.81442067
1.92787811,-4.81216729
1.92832814,-4.80991392
1.92877816,-4.80766055
1.92918900,-4.80540717
1.92956109,-4.80315380
1.92993318,-4.80090042
1.93030526,-4.79864705
1.93067735,-4.79639368
1.93104944,-4.79414030
1.93142153,-4.79188693
1.93179362,-4.78963355
1.93216570,-4.78738018
1.93253779,-4.78512681
1.93290988,-4.78287343
1.93328197,-4.78062006
1.93365406,-4.77836668
1.93402614,-4.77611331
1.93439823,-4.77385994
1.93477032,-4.77160656
1.93514241,-4.76935319
1.93551450,-4.76709981
1.93588658,-4.76484644
1.93625867,-4.76259307
1.93663076,-4.76033969
1.93700285,-4.75808632
1.93737494,-4.75583294
1.93774702,-4.75357957
1.93811911,-4.75132619
1.93849120,-4.74907282
1.93886329,-4.74681945
1.93923538,-4.74456607
1.93954449,-4.74231270
1.93984977,-4.74005932
1.94015504,-4.73780595
1.94046031,-4.73555258
1.94076559,-4.73329920
1.94107086,-4.73104583
1.94137613,-4.72879245
1.94168140,-4.72653908
1.94198668,-4.72428571
1.94229195,-4.72203233
1.94259722,-4.71977896
1.94290249,-4.71752558
1.94320777,-4.71527221
1.94351304,-4.71301884
1.94381831,-4.71076546
1.94412359,-4.70851209
1.94442886,-4.70625871
1.94473413,-4.70400534
1.94503940,-4.70175197
1.94534468,-4.69949859
1.94564995,-4.69724522
1.94595522,-4.69499184
1.94626050,-4.69273847
1.94656577,-4.69048510
1.94687104,-4.68823172
1.94717631,-4.68597835
1.94748159,-4.68372497
1.94778686,-4.68147160
1.94809213,-4.67921823
1.94839741,-4.67696485
1.94870268,-4.67471148
1.94900795,-4.67245810
1.94931322,-4.67020473
1.94960937,-4.66795135
1.94985815,-4.66569798
1.95010693,-4.66344461
1.95035571,-4.66119123
1.95060449,-4.65893786
1.95085327,-4.65668448
1.95110205,-4.65443111
1.95135083,-4.65217774
1.95159960,-4.64992436
1.95184838,-4.64767099
1.95209716,-4.64541761
1.95234594,-4.64316424
1.95259472,-4.64091087
1.95284350,-4.63865749
1.95309228,-4.63640412
1.95334106,-4.63415074
1.95358984,-4.63189737
1.95383862,-4.62964400
1.95408739,-4.62739062
1.95433617,-4.62513725
1.95458495,-4.62288387
1.95483373,-4.62063050
1.95508251,-4.61837713
1.95533129,-4.61612375
1.95558007,-4.61387038
1.95582885,-4.61161700
1.95607763,-4.60936363
1.95632641,-4.60711026
1.95657518,-4.60485688
1.95682396,-4.60260351
1.95707274,-4.60035013
1.95732152,-4.59809676
1.95757030,-4.59584339
1.95781908,-4.59359001
1.95806786,-4.59133664
1.95831664,-4.58908326
1.95856542,-4.58682989
1.95881420,-4.58457651
1.95906297,-4.58232314
1.95931175,-4.58006977
1.95956053,-4.57781639
1.95980931,-4.57556302
1.96003860,-4.57330964
1.96024021,-4.57105627
1.96044182,-4.56880290
1.96064344,-4.56654952
1.96084505,-4.56429615
1.96104594,-4.56204277
1.96124630,-4.55978940
1.96144666,-4.55753603
1.96164702,-4.55528265
1.96184738,-4.55302928
1.96204774,-4.55077590
1.96224810,-4.54852253
1.96244846,-4.54626916
1.96264882,-4.54401578
1.96284918,-4.54176241
1.96304954,-4.53950903
1.96324990,-4.53725566
1.96345026,-4.53500229
1.96365062,-4.53274891
1.96385098,-4.53049554
1.96405134,-4.52824216
1.96425170,-4.52598879
1.96445206,-4.52373542
1.96465242,-4.52148204
1.96485278,-4.51922867
1.96505314,-4.51697529
1.96525351,-4.51472192
1.96545387,-4.51246855
1.96565423,-4.51021517
1.96585459,-4.50796180
1.96605495,-4.50570842
1.96625531,-4.50345505
1.96645567,-4.50120168
1.96665603,-4.49894830
1.96685639,-4.49669493
1.96705675,-4.49444155
1.96725711,-4.49218818
1.96745747,-4.48993480
1.96765783,-4.48768143
1.96785819,-4.48542806
1.96805855,-4.48317468
1.96825891,-4.48092131
1.96845927,-4.47866793
1.96865963,-4.47641456
1.96885999,-4.47416119
1.96906035,-4.47190781
1.96926071,-4.46965444
1.96946107,-4.46740106
1.96966143,-4.46514769
1.96986179,-4.46289432
1.97006215,-4.46064094
1.97026251,-4.45838757
1.97044619,-4.45613419
1.97060762,-4.45388082
1.97076904,-4.45162745
1.97093047,-4.44937407
1.97109190,-4.44712070
1.97125333,-4.44486732
1.97141476,-4.44261395
1.97157618,-4.44036058
1.97173761,-4.43810720
1.97189904,-4.43585383
1.97206047,-4.43360045
1.97222190,-4.43134708
1.97238332,-4.42909371
1.97254475,-4.42684033
1.97270618,-4.42458696
1.97286761,-4.42233358
1.97302903,-4.42008021
1.97319046,-4.41782684
1.97335189,-4.41557346
1.97351332,-4.41332009
1.97367475,-4.41106671
1.97383617,-4.40881334
1.97399760,-4.40655996
1.97415903,-4.40430659
1.97432046,-4.40205322
1.97448189,-4.39979984
1.97464331,-4.39754647
1.97480474,-4.39529309
1.97496617,-4.39303972
1.97512760,-4.39078635
1.97528902,-4.38853297
1.97545045,-4.38627960
1.97561188,-4.38402622
1.97577331,-4.38177285
1.97593474,-4.37951948
1.97609616,-4.37726610
1.97625759,-4.37501273
1.97641902,-4.37275935
1.97658045,-4.37050598
1.97674188,-4.36825261
1.97690330,-4.36599923
1.97706473,-4.36374586
1.97722616,-4.36149248
1.97738759,-4.35923911
1.97754901,-4.35698574
1.97771044,-4.35473236
1.97787187,-4.35247899
1.97803330,-4.35022561
1.97819473,-4.34797224
1.97835615,-4.34571887
1.97851758,-4.34346549
1.97867901,-4.34121212
1.97884044,-4.33895874
1.97900187,-4.33670537
1.97916329,-4.33445200
1.97932472,-4.33219862
1.97948615,-4.32994525
1.97964758,-4.32769187
1.97980900,-4.32543850
1.97997043,-4.32318513
1.98013186,-4.32093175
1.98029329,-4.31867838
1.98045472,-4.31642500
1.98061614,-4.31417163
1.98077757,-4.31191825
1.98093095,-4.30966488
1.98106057,-4.30741151
1.98119019,-4.30515813
1.98131981,-4.30290476
1.98144944,-4.30065138
1.98157906,-4.29839801
1.98170868,-4.29614464
1.98183830,-4.29389126
1.98196792,-4.29163789
1.98209754,-4.28938451
1.98222717,-4.28713114
1.98235679,-4.28487777
1.98248641,-4.28262439
1.98261603,-4.28037102
1.98274565,-4.27811764
1.98287528,-4.27586427
1.98300490,-4.27361090
1.98313452,-4.27135752
1.98326414,-4.26910415
1.98339376,-4.26685077
1.98352338,-4.26459740
1.98365301,-4.26234403
1.98378263,-4.26009065
1.98391225,-4.25783728
1.98404187,-4.25558390
1.98417149,-4.25333053
1.98430111,-4.25107716
1.98443074,-4.24882378
1.98456036,-4.24657041
1.98468998,-4.24431703
1.98481960,-4.24206366
1.98494922,-4.23981029
1.98507885,-4.23755691
1.98520847,-4.23530354
1.98533809,-4.23305016
1.98546771,-4.23079679
1.98559733,-4.22854341
1.98572695,-4.22629004
1.98585658,-4.22403667
1.98598620,-4.22178329
1.98611582,-4.21952992
1.98624544,-4.21727654
1.98637506,-4.21502317
1.98650468,-4.21276980
1.98663431,-4.21051642
1.98676393,-4.20826305
1.98689355,-4.20600967
1.98702317,-4.20375630
1.98715279,-4.20150293
1.98728242,-4.19924955
1.98741204,-4.19699618
1.98754166,-4.19474280
1.98767128,-4.19248943
1.98780090,-4.19023606
1.98793052,-4.18798268
1.98806015,-4.18572931
1.98818977,-4.18347593
1.98831939,-4.18122256
1.98844901,-4.17896919
1.98857863,-4.17671581
1.98870826,-4.17446244
1.98883788,-4.17220906
1.98896750,-4.16995569
1.98909712,-4.16770232
1.98922674,-4.16544894
1.98935636,-4.16319557
1.98948599,-4.16094219
1.98961561,-4.15868882
1.98974523,-4.15643545
1.98987485,-4.15418207
1.99000447,-4.15192870
1.99013409,-4.14967532
1.99026372,-4.14742195
1.99039334,-4.14516857
1.99052296,-4.14291520
1.99065258,-4.14066183
1.99078220,-4.13840845
1.99091183,-4.13615508
1.99104145,-4.13390170
1.99117107,-4.13164833
1.99130069,-4.12939496
1.99143031,-4.12714158
1.99155907,-4.12488821
1.99166294,-4.12263483
1.99176682,-4.12038146
1.99187070,-4.11812809
1.99197458,-4.11587471
1.99207846,-4.11362134
1.99218234,-4.11136796
1.99228622,-4.10911459
1.99239010,-4.10686122
1.99249398,-4.10460784
1.99259786,-4.10235447
1.99270173,-4.10010109
1.99280561,-4.09784772
1.99290949,-4.09559435
1.99301337,-4.09334097
1.99311725,-4.09108760
1.99322113,-4.08883422
1.99332501,-4.08658085
1.99342889,-4.08432748
1.99353277,-4.08207410
1.99363664,-4.07982073
1.99374052,-4.07756735
1.99384440,-4.07531398
1.99394828,-4.07306061
1.99405216,-4.07080723
1.99415604,-4.06855386
1.99425992,-4.06630048
1.99436380,-4.06404711
1.99446768,-4.06179374
1.99457156,-4.05954036
1.99467543,-4.05728699
1.99477931,-4.05503361
1.99488319,-4.05278024
1.99498707,-4.05052686
1.99509095,-4.04827349
1.99519483,-4.04602012
1.99529871,-4.04376674
1.99540259,-4.04151337
1.99550647,-4.03925999
1.99561035,-4.03700662
1.99571422,-4.03475325
1.99581810,-4.03249987
1.99592198,-4.03024650
1.99602586,-4.02799312
1.99612974,-4.02573975
1.99623362,-4.02348638
1.99633750,-4.02123300
1.99644138,-4.01897963
1.99654526,-4.01672625
1.99664913,-4.01447288
1.99675301,-4.01221951
1.99685689,-4.00996613
1.99696077,-4.00771276
1.99706465,-4.00545938
1.99716853,-4.00320601
1.99727241,-4.00095264
1.99737629,-3.99869926
1.99748017,-3.99644589
1.99758405,-3.99419251
1.99768792,-3.99193914
1.99779180,-3.98968577
1.99789568,-3.98743239
1.99799956,-3.98517902
1.99810344,-3.98292564
1.99820732,-3.98067227
1.99831120,-3.97841890
1.99841508,-3.97616552
1.99851896,-3.97391215
1.99862283,-3.97165877
1.99872671,-3.96940540
1.99883059,-3.96715202
1.99893447,-3.96489865
1.99903835,-3.96264528
1.99914223,-3.96039190
1.99924611,-3.95813853
1.99934999,-3.95588515
1.99945387,-3.95363178
1.99955775,-3.95137841
1.99966162,-3.94912503
1.99976550,-3.94687166
1.99986938,-3.94461828
1.99997326,-3.94236491
2.00007714,-3.94011154
2.00018102,-3.93785816
2.00028490,-3.93560479
2.00038878,-3.93335141
2.00049266,-3.93109804
2.00059654,-3.92884467
2.00070041,-3.92659129
2.00080429,-3.92433792
2.00090817,-3.92208454
2.00101205,-3.91983117
2.00111593,-3.91757780
2.00121981,-3.91532442
2.00132369,-3.91307105
2.00142757,-3.91081767
2.00153145,-3.90856430
2.00163532,-3.90631093
2.00173920,-3.90405755
2.00184308,-3.90180418
2.00194696,-3.89955080
2.00205084,-3.89729743
2.00215472,-3.89504406
2.00225860,-3.89279068
2.00236248,-3.89053731
2.00245107,-3.88828393
2.00253429,-3.88603056
2.00261750,-3.88377719
2.00270072,-3.88152381
2.00278394,-3.87927044
2.00286716,-3.87701706
2.00295038,-3.87476369
2.00303359,-3.87251031
2.00311681,-3.87025694
2.00320003,-3.86800357
2.00328325,-3.86575019
2.00336647,-3.86349682
2.00344969,-3.86124344
2.00353290,-3.85899007
2.00361612,-3.85673670
2.00369934,-3.85448332
2.00378256,-3.85222995
2.00386578,-3.84997657
2.00394899,-3.84772320
2.00403221,-3.84546983
2.00411543,-3.84321645
2.00419865,-3.84096308
2.00428187,-3.83870970
2.00436508,-3.83645633
2.00444830,-3.83420296
2.00453152,-3.83194958
2.00461474,-3.82969621
2.00469796,-3.82744283
2.00478118,-3.82518946
2.00486439,-3.82293609
2.00494761,-3.82068271
2.00503083,-3.81842934
2.00511405,-3.81617596
2.00519727,-3.81392259
2.00528048,-3.81166922
2.00536370,-3.80941584
2.00544692,-3.80716247
2.00553014,-3.80490909
2.00561336,-3.80265572
2.00569658,-3.80040235
2.00577979,-3.79814897
2.00586301,-3.79589560
2.00594623,-3.79364222
2.00602945,-3.79138885
2.00611267,-3.78913547
2.00619588,-3.78688210
2.00627910,-3.78462873
2.00636232,-3.78237535
2.00644554,-3.78012198
2.00652876,-3.77786860
2.00661197,-3.77561523
2.00669519,-3.77336186
2.00677841,-3.77110848
2.00686163,-3.76885511
2.00694485,-3.76660173
2.00702807,-3.76434836
2.00711128,-3.76209499
2.00719450,-3.75984161
2.00727772,-3.75758824
2.00736094,-3.75533486
2.00744416,-3.75308149
2.00752737,-3.75082812
2.00761059,-3.74857474
2.00769381,-3.74632137
2.00777703,-3.74406799
2.00786025,-3.74181462
2.00794346,-3.73956125
2.00802668,-3.73730787
2.00810990,-3.73505450
2.00819312,-3.73280112
2.00827634,-3.73054775
2.00835956,-3.72829438
2.00844277,-3.72604100
2.00852599,-3.72378763
2.00860921,-3.72153425
2.00869243,-3.71928088
2.00877565,-3.71702751
2.00885886,-3.71477413
2.00894208,-3.71252076
2.00902530,-3.71026738
2.00910852,-3.70801401
2.00919174,-3.70576063
2.00927495,-3.70350726
2.00935817,-3.70125389
2.00944139,-3.69900051
2.00952461,-3.69674714
2.00960783,-3.69449376
2.00969105,-3.69224039
2.00977426,-3.68998702
2.00985748,-3.68773364
2.00994070,-3.68548027
2.01002392,-3.68322689
2.01010714,-3.68097352
2.01019035,-3.67872015
2.01027357,-3.67646677
2.01035679,-3.67421340
2.01044001,-3.67196002
2.01052323,-3.66970665
2.01060644,-3.66745328
2.01068966,-3.66519990
2.01077288,-3.66294653
2.01085610,-3.66069315
2.01093932,-3.65843978
2.01102254,-3.65618641
2.01110575,-3.65393303
2.01118897,-3.65167966
2.01127219,-3.64942628
2.01135541,-3.64717291
2.01143863,-3.64491954
2.01152184,-3.64266616
2.01160506,-3.64041279
2.01168828,-3.63815941
2.01177150,-3.63590604
2.01185472,-3.63365267
2.01193794,-3.63139929
2.01202115,-3.62914592
2.01210437,-3.62689254
2.01218759,-3.62463917
2.01227081,-3.62238580
2.01235403,-3.62013242
2.01243724,-3.61787905
2.01252046,-3.61562567
2.01260368,-3.61337230
2.01268690,-3.61111892
2.01277012,-3.60886555
2.01285333,-3.60661218
2.01293655,-3.60435880
2.01301977,-3.60210543
2.01310299,-3.59985205
2.01318621,-3.59759868
2.01326943,-3.59534531
2.01335264,-3.59309193
2.01343586,-3.59083856
2.01350591,-3.58858518
2.01357267,-3.58633181
2.01363943,-3.58407844
2.01370619,-3.58182506
2.01377296,-3.57957169
2.01383972,-3.57731831
2.01390648,-3.57506494
2.01397324,-3.57281157
2.01404000,-3.57055819
2.01410677,-3.56830482
2.01417353,-3.56605144
2.01424029,-3.56379807
2.01430705,-3.56154470
2.01437382,-3.55929132
2.01444058,-3.55703795
2.01450734,-3.55478457
2.01457410,-3.55253120
2.01464086,-3.55027783
2.01470763,-3.54802445
2.01477439,-3.54577108
2.01484115,-3.54351770
2.01490791,-3.54126433
2.01497468,-3.53901096
2.01504144,-3.53675758
2.01510820,-3.53450421
2.01517496,-3.53225083
2.01524172,-3.52999746
2.01530849,-3.52774408
2.01537525,-3.52549071
2.01544201,-3.52323734
2.01550877,-3.52098396
2.01557553,-3.51873059
2.01564230,-3.51647721
2.01570906,-3.51422384
2.01577582,-3.51197047
2.01584258,-3.50971709
2.01590935,-3.50746372
2.01597611,-3.50521034
2.01604287,-3.50295697
2.01610963,-3.50070360
2.01617639,-3.49845022
2.01624316,-3.49619685
2.01630992,-3.49394347
2.01637668,-3.49169010
2.01644344,-3.48943673
2.01651021,-3.48718335
2.01657697,-3.48492998
2.01664373,-3.48267660
2.01671049,-3.48042323
2.01677725,-3.47816986
2.01684402,-3.47591648
2.01691078,-3.47366311
2.01697754,-3.47140973
2.01704430,-3.46915636
2.01711107,-3.46690299
2.01717783,-3.46464961
2.01724459,-3.46239624
2.01731135,-3.46014286
2.01737811,-3.45788949
2.01744488,-3.45563612
2.01751164,-3.45338274
2.01757840,-3.45112937
2.01764516,-3.44887599
2.01771193,-3.44662262
2.01777869,-3.44436925
2.01784545,-3.44211587
2.01791221,-3.43986250
2.01797897,-3.43760912
2.01804574,-3.43535575
2.01811250,-3.43310237
2.01817926,-3.43084900
2.01824602,-3.42859563
2.01831279,-3.42634225
2.01837955,-3.42408888
2.01844631,-3.42183550
2.01851307,-3.41958213
2.01857983,-3.41732876
2.01864660,-3.41507538
2.01871336,-3.41282201
2.01878012,-3.41056863
2.01884688,-3.40831526
2.01891365,-3.40606189
2.01898041,-3.40380851
2.01904717,-3.40155514
2.01911393,-3.39930176
2.01918069,-3.39704839
2.01924746,-3.39479502
2.01931422,-3.39254164
2.01938098,-3.39028827
2.01944774,-3.38803489
2.01951450,-3.38578152
2.01958127,-3.38352815
2.01964803,-3.38127477
2.01971479,-3.37902140
2.01978155,-3.37676802
2.01984832,-3.37451465
2.01991508,-3.37226128
2.01998184,-3.37000790
2.02004860,-3.36775453
2.02011536,-3.36550115
2.02018213,-3.36324778
2.02024889,-3.36099441
2.02031565,-3.35874103
2.02038241,-3.35648766
2.02044918,-3.35423428
2.02051594,-3.35198091
2.02058270,-3.34972753
2.02064946,-3.34747416
2.02071622,-3.34522079
2.02078299,-3.34296741
2.02084975,-3.34071404
2.02091651,-3.33846066
2.02098327,-3.33620729
2.02105004,-3.33395392
2.02111680,-3.33170054
2.02118356,-3.32944717
2.02125032,-3.32719379
2.02131708,-3.32494042
2.02138385,-3.32268705
2.02145061,-3.32043367
2.02151737,-3.31818030
2.02158413,-3.31592692
2.02165090,-3.31367355
2.02171766,-3.31142018
2.02178442,-3.30916680
2.02185118,-3.30691343
2.02191794,-3.30466005
2.02198471,-3.30240668
2.02205147,-3.30015331
2.02211823,-3.29789993
2.02218499,-3.29564656
2.02225176,-3.29339318
2.02231852,-3.29113981
2.02238528,-3.28888644
2.02245204,-3.28663306
2.02251880,-3.28437969
2.02258557,-3.28212631
2.02265233,-3.27987294
2.02271909,-3.27761957
2.02278585,-3.27536619
2.02285262,-3.27311282
2.02291938,-3.27085944
2.02298614,-3.26860607
2.02305290,-3.26635269
2.02311966,-3.26409932
2.02318643,-3.26184595
2.02325319,-3.25959257
2.02331995,-3.25733920
2.02338671,-3.25508582
2.02345347,-3.25283245
2.02352024,-3.25057908
2.02358700,-3.24832570
2.02365376,-3.24607233
2.02372052,-3.24381895
2.02378729,-3.24156558
2.02385405,-3.23931221
2.02392081,-3.23705883
2.02398757,-3.23480546
2.02405433,-3.23255208
2.02412110,-3.23029871
2.02418786,-3.22804534
2.02425462,-3.22579196
2.02432138,-3.22353859
2.02438815,-3.22128521
2.02445491,-3.21903184
2.02452167,-3.21677847
2.02458843,-3.21452509
2.02465519,-3.21227172
2.02472196,-3.21001834
2.02478872,-3.20776497
2.02484722,-3.20551160
2.02490096,-3.20325822
2.02495471,-3.20100485
2.02500845,-3.19875147
2.02506220,-3.19649810
2.02511595,-3.19424473
2.02516969,-3.19199135
2.02522344,-3.18973798
2.02527718,-3.18748460
2.02533093,-3.18523123
2.02538467,-3.18297786
2.02543842,-3.18072448
2.02549216,-3.17847111
2.02554591,-3.17621773
2.02559965,-3.17396436
2.02565340,-3.17171098
2.02570715,-3.16945761
2.02576089,-3.16720424
2.02581464,-3.16495086
2.02586838,-3.16269749
2.02592213,-3.16044411
2.02597587,-3.15819074
2.02602962,-3.15593737
2.02608336,-3.15368399
2.02613711,-3.15143062
2.02619086,-3.14917724
2.02624460,-3.14692387
2.02629835,-3.14467050
2.02635209,-3.14241712
2.02640584,-3.14016375
2.02645958,-3.13791037
2.02651333,-3.13565700
2.02656707,-3.13340363
2.02662082,-3.13115025
2.02667457,-3.12889688
2.02672831,-3.12664350
2.02678206,-3.12439013
2.02683580,-3.12213676
2.02688955,-3.11988338
2.02694329,-3.11763001
2.02699704,-3.11537663
2.02705078,-3.11312326
2.02710453,-3.11086989
2.02715828,-3.10861651
2.02721202,-3.10636314
2.02726577,-3.10410976
2.02731951,-3.10185639
2.02737326,-3.09960302
2.02742700,-3.09734964
2.02748075,-3.09509627
2.02753449,-3.09284289
2.02758824,-3.09058952
2.02764198,-3.08833614
2.02769573,-3.08608277
2.02774948,-3.08382940
2.02780322,-3.08157602
2.02785697,-3.07932265
2.02791071,-3.07706927
2.02796446,-3.07481590
2.02801820,-3.07256253
2.02807195,-3.07030915
2.02812569,-3.06805578
2.02817944,-3.06580240
2.02823319,-3.06354903
2.02828693,-3.06129566
2.02834068,-3.05904228
2.02839442,-3.05678891
2.02844817,-3.05453553
2.02850191,-3.05228216
2.02855566,-3.05002879
2.02860940,-3.04777541
2.02866315,-3.04552204
2.02871690,-3.04326866
2.02877064,-3.04101529
2.02882439,-3.03876192
2.02887813,-3.03650854
2.02893188,-3.03425517
2.02898562,-3.03200179
2.02903937,-3.02974842
2.02909311,-3.02749505
2.02914686,-3.02524167
2.02920061,-3.02298830
2.02925435,-3.02073492
2.02930810,-3.01848155
2.02936184,-3.01622818
2.02941559,-3.01397480
2.02946933,-3.01172143
2.02952308,-3.00946805
2.02957682,-3.00721468
2.02963057,-3.00496130
2.02968431,-3.00270793
2.02973806,-3.00045456
2.02979181,-2.99820118
2.02984555,-2.99594781
2.02989930,-2.99369443
2.02995304,-2.99144106
2.03000679,-2.98918769
2.03006053,-2.98693431
2.03011428,-2.98468094
2.03016802,-2.98242756
2.03022177,-2.98017419
2.03027552,-2.97792082
2.03032926,-2.97566744
2.03038301,-2.97341407
2.03043675,-2.97116069
2.03049050,-2.96890732
2.03054424,-2.96665395
2.03059799,-2.96440057
2.03065173,-2.96214720
2.03070548,-2.95989382
2.03075923,-2.95764045
2.03081297,-2.95538708
2.03086672,-2.95313370
2.03092046,-2.95088033
2.03097421,-2.94862695
2.03102795,-2.94637358
2.03108170,-2.94412021
2.03113544,-2.94186683
2.03118919,-2.93961346
2.03124294,-2.93736008
2.03129668,-2.93510671
2.03135043,-2.93285334
2.03140417,-2.93059996
2.03145792,-2.92834659
2.03151166,-2.92609321
2.03156541,-2.92383984
2.03161915,-2.92158647
2.03167290,-2.91933309
2.03172664,-2.91707972
2.03178039,-2.91482634
2.03183414,-2.91257297
2.03188788,-2.91031959
2.03194163,-2.90806622
2.03199537,-2.90581285
2.03204912,-2.90355947
2.03210286,-2.90130610
2.03215661,-2.89905272
2.03221035,-2.89679935
2.03226410,-2.89454598
2.03231785,-2.89229260
2.03237159,-2.89003923
2.03242534,-2.88778585
2.03247908,-2.88553248
2.03253283,-2.88327911
2.03258657,-2.88102573
2.03264032,-2.87877236
2.03269406,-2.87651898
2.03274781,-2.87426561
2.03280156,-2.87201224
2.03285530,-2.86975886
2.03290905,-2.86750549
2.03296279,-2.86525211
2.03301654,-2.86299874
2.03307028,-2.86074537
2.03312403,-2.85849199
2.03317777,-2.85623862
2.03323152,-2.85398524
2.03328527,-2.85173187
2.03333901,-2.84947850
2.03339276,-2.84722512
2.03344650,-2.84497175
2.03350025,-2.84271837
2.03355399,-2.84046500
2.03360774,-2.83821163
2.03366148,-2.83595825
2.03371523,-2.83370488
2.03376897,-2.83145150
2.03382272,-2.82919813
2.03387647,-2.82694475
2.03393021,-2.82469138
2.03398396,-2.82243801
2.03403770,-2.82018463
2.03409145,-2.81793126
2.03414519,-2.81567788
2.03419894,-2.81342451
2.03425268,-2.81117114
2.03430643,-2.80891776
2.03436018,-2.80666439
2.03441392,-2.80441101
2.03446767,-2.80215764
2.03452141,-2.79990427
2.03457516,-2.79765089
2.03462890,-2.79539752
2.03468265,-2.79314414
2.03473639,-2.79089077
2.03479014,-2.78863740
2.03484389,-2.78638402
2.03489763,-2.78413065
2.03495138,-2.78187727
2.03500512,-2.77962390
2.03505887,-2.77737053
2.03511261,-2.77511715
2.03516636,-2.77286378
2.03522010,-2.77061040
2.03527385,-2.76835703
2.03532760,-2.76610366
2.03538134,-2.76385028
2.03543509,-2.76159691
2.03548883,-2.75934353
2.03554258,-2.75709016
2.03559632,-2.75483679
2.03565007,-2.75258341
2.03570381,-2.75033004
2.03575756,-2.74807666
2.03581130,-2.74582329
2.03586505,-2.74356992
2.03591880,-2.74131654
2.03597254,-2.73906317
2.03602629,-2.73680979
2.03608003,-2.73455642
2.03613378,-2.73230304
2.03618752,-2.73004967
2.03624127,-2.72779630
2.03629501,-2.72554292
2.03634876,-2.72328955
2.03640251,-2.72103617
2.03645625,-2.71878280
2.03651000,-2.71652943
2.03656319,-2.71427605
2.03660671,-2.71202268
2.03665022,-2.70976930
2.03669374,-2.70751593
2.03673725,-2.70526256
2.03678077,-2.70300918
2.03682428,-2.70075581
2.03686780,-2.69850243
2.03691131,-2.69624906
2.03695483,-2.69399569
2.03699834,-2.69174231
2.03704186,-2.68948894
2.03708537,-2.68723556
2.03712889,-2.68498219
2.03717240,-2.68272882
2.03721592,-2.68047544
2.03725943,-2.67822207
2.03730295,-2.67596869
2.03734646,-2.67371532
2.03738998,-2.67146195
2.03743349,-2.66920857
2.03747701,-2.66695520
2.03752052,-2.66470182
2.03756404,-2.66244845
2.03760755,-2.66019508
2.03765107,-2.65794170
2.03769458,-2.65568833
2.03773810,-2.65343495
2.03778161,-2.65118158
2.03782513,-2.64892820
2.03786864,-2.64667483
2.03791216,-2.64442146
2.03795567,-2.64216808
2.03799919,-2.63991471
2.03804270,-2.63766133
2.03808622,-2.63540796
2.03812973,-2.63315459
2.03817325,-2.63090121
2.03821676,-2.62864784
2.03826028,-2.62639446
2.03830379,-2.62414109
2.03834731,-2.62188772
2.03839082,-2.61963434
2.03843434,-2.61738097
2.03847785,-2.61512759
2.03852137,-2.61287422
2.03856488,-2.61062085
2.03860840,-2.60836747
2.03865191,-2.60611410
2.03869543,-2.60386072
2.03873894,-2.60160735
2.03878246,-2.59935398
2.03882597,-2.59710060
2.03886949,-2.59484723
2.03891300,-2.59259385
2.03895652,-2.59034048
2.03900003,-2.58808711
2.03904355,-2.58583373
2.03908706,-2.58358036
2.03913058,-2.58132698
2.03917409,-2.57907361
2.03921761,-2.57682024
2.03926112,-2.57456686
2.03930464,-2.57231349
2.03934815,-2.57006011
2.03939167,-2.56780674
2.03943518,-2.56555336
2.03947870,-2.56329999
2.03952221,-2.56104662
2.03956573,-2.55879324
2.03960924,-2.55653987
2.03965276,-2.55428649
2.03969627,-2.55203312
2.03973979,-2.54977975
2.03978330,-2.54752637
2.03982682,-2.54527300
2.03987033,-2.54301962
2.03991385,-2.54076625
2.03995736,-2.53851288
2.04000088,-2.53625950
2.04004439,-2.53400613
2.04008791,-2.53175275
2.04013142,-2.52949938
2.04017494,-2.52724601
2.04021845,-2.52499263
2.04026197,-2.52273926
2.04030548,-2.52048588
2.04034900,-2.51823251
2.04039251,-2.51597914
2.04043603,-2.51372576
2.04047954,-2.51147239
2.04052306,-2.50921901
2.04056657,-2.50696564
2.04061009,-2.50471227
2.04065360,-2.50245889
2.04069712,-2.50020552
2.04074063,-2.49795214
2.04078415,-2.49569877
2.04082766,-2.49344540
2.04087118,-2.49119202
2.04091469,-2.48893865
2.04095821,-2.48668527
2.04100172,-2.48443190
2.04104524,-2.48217853
2.04108875,-2.47992515
2.04113227,-2.47767178
2.04117578,-2.47541840
2.04121930,-2.47316503
2.04126281,-2.47091165
2.04130633,-2.46865828
2.04134984,-2.46640491
2.04139336,-2.46415153
2.04143687,-2.46189816
2.04148039,-2.45964478
2.04152390,-2.45739141
2.04156742,-2.45513804
2.04161093,-2.45288466
2.04165445,-2.45063129
2.04169796,-2.44837791
2.04174148,-2.44612454
2.04178499,-2.44387117
2.04182851,-2.44161779
2.04187202,-2.43936442
2.04191554,-2.43711104
2.04195905,-2.43485767
2.04200257,-2.43260430
2.04204608,-2.43035092
2.04208960,-2.42809755
2.04213311,-2.42584417
2.04217663,-2.42359080
2.04222014,-2.42133743
2.04226366,-2.41908405
2.04230717,-2.41683068
2.04235069,-2.41457730
2.04239420,-2.41232393
2.04243772,-2.41007056
2.04248123,-2.40781718
2.04252475,-2.40556381
2.04256826,-2.40331043
2.04261178,-2.40105706
2.04265529,-2.39880369
2.04269881,-2.39655031
2.04274232,-2.39429694
2.04278584,-2.39204356
2.04282935,-2.38979019
2.04287287,-2.38753681
2.04291638,-2.38528344
2.04295990,-2.38303007
2.04300341,-2.38077669
2.04304693,-2.37852332
2.04309044,-2.37626994
2.04313396,-2.37401657
2.04317747,-2.37176320
2.04322099,-2.36950982
2.04326450,-2.36725645
2.04330802,-2.36500307
2.04335153,-2.36274970
2.04339505,-2.36049633
2.04343856,-2.35824295
2.04348208,-2.35598958
2.04352559,-2.35373620
2.04356911,-2.35148283
2.04361262,-2.34922946
2.04365614,-2.34697608
2.04369965,-2.34472271
2.04374317,-2.34246933
2.04378668,-2.34021596
2.04383020,-2.33796259
2.04387371,-2.33570921
2.04391723,-2.33345584
2.04396074,-2.33120246
2.04400426,-2.32894909
2.04404777,-2.32669572
2.04409129,-2.32444234
2.04413480,-2.32218897
2.04417832,-2.31993559
2.04422183,-2.31768222
2.04426535,-2.31542885
2.04430886,-2.31317547
2.04435238,-2.31092210
2.04439589,-2.30866872
2.04443941,-2.30641535
2.04448292,-2.30416198
2.04452644,-2.30190860
2.04456995,-2.29965523
2.04461347,-2.29740185
2.04465698,-2.29514848
2.04470050,-2.29289510
2.04474401,-2.29064173
2.04478753,-2.28838836
2.04483104,-2.28613498
2.04487456,-2.28388161
2.04491807,-2.28162823
2.04496159,-2.27937486
2.04500510,-2.27712149
2.04504862,-2.27486811
2.04509213,-2.27261474
2.04513565,-2.27036136
2.04517916,-2.26810799
2.04522268,-2.26585462
2.04526619,-2.26360124
2.04530971,-2.26134787
2.04535322,-2.25909449
2.04539674,-2.25684112
2.04544025,-2.25458775
2.04548377,-2.25233437
2.04552728,-2.25008100
2.04557080,-2.24782762
2.04561431,-2.24557425
2.04565783,-2.24332088
2.04570134,-2.24106750
2.04574486,-2.23881413
2.04578837,-2.23656075
2.04583189,-2.23430738
2.04587540,-2.23205401
2.04591892,-2.22980063
2.04596243,-2.22754726
2.04600595,-2.22529388
2.04604946,-2.22304051
2.04609298,-2.22078714
2.04613649,-2.21853376
2.04618001,-2.21628039
2.04622352,-2.21402701
2.04626704,-2.21177364
2.04631055,-2.20952026
2.04635407,-2.20726689
2.04639758,-2.20501352
2.04644110,-2.20276014
2.04648461,-2.20050677
2.04652813,-2.19825339
2.04657164,-2.19600002
2.04661516,-2.19374665
2.04665867,-2.19149327
2.04670219,-2.18923990
2.04674570,-2.18698652
2.04678922,-2.18473315
2.04683273,-2.18247978
2.04687625,-2.18022640
2.04691976,-2.17797303
2.04696328,-2.17571965
2.04700679,-2.17346628
2.04705031,-2.17121291
2.04709382,-2.16895953
2.04713734,-2.16670616
2.04718085,-2.16445278
2.04722437,-2.16219941
2.04726788,-2.15994604
2.04731140,-2.15769266
2.04735491,-2.15543929
2.04739843,-2.15318591
2.04744194,-2.15093254
2.04748546,-2.14867917
2.04752897,-2.14642579
2.04757249,-2.14417242
2.04761600,-2.14191904
2.04765952,-2.13966567
2.04770303,-2.13741230
2.04774655,-2.13515892
2.04779006,-2.13290555
2.04783358,-2.13065217
2.04787709,-2.12839880
2.04792061,-2.12614542
2.04796412,-2.12389205
2.04800764,-2.12163868
2.04805115,-2.11938530
2.04809467,-2.11713193
2.04813818,-2.11487855
2.04818170,-2.11262518
2.04822521,-2.11037181
2.04826873,-2.10811843
2.04831224,-2.10586506
2.04835576,-2.10361168
2.04839927,-2.10135831
2.04844279,-2.09910494
2.04848630,-2.09685156
2.04852982,-2.09459819
2.04857333,-2.09234481
2.04861685,-2.09009144
2.04866036,-2.08783807
2.04870388,-2.08558469
2.04874739,-2.08333132
2.04879091,-2.08107794
2.04883030,-2.07882457
2.04886582,-2.07657120
2.04890133,-2.07431782
2.04893685,-2.07206445
2.04897237,-2.06981107
2.04900788,-2.06755770
2.04904340,-2.06530433
2.04907891,-2.06305095
2.04911443,-2.06079758
2.04914994,-2.05854420
2.04918546,-2.05629083
2.04922097,-2.05403746
2.04925649,-2.05178408
2.04929200,-2.04953071
2.04932752,-2.04727733
2.04936303,-2.04502396
2.04939855,-2.04277059
2.04943406,-2.04051721
2.04946958,-2.03826384
2.04950509,-2.03601046
2.04954061,-2.03375709
2.04957613,-2.03150371
2.04961164,-2.02925034
2.04964716,-2.02699697
2.04968267,-2.02474359
2.04971819,-2.02249022
2.04975370,-2.02023684
2.04978922,-2.01798347
2.04982473,-2.01573010
2.04986025,-2.01347672
2.04989576,-2.01122335
2.04993128,-2.00896997
2.04996679,-2.00671660
2.05000231,-2.00446323
2.05003782,-2.00220985
2.05007334,-1.99995648
2.05010885,-1.99770310
2.05014437,-1.99544973
2.05017988,-1.99319636
2.05021540,-1.99094298
2.05025092,-1.98868961
2.05028643,-1.98643623
2.05032195,-1.98418286
2.05035746,-1.98192949
2.05039298,-1.97967611
2.05042849,-1.97742274
2.05046401,-1.97516936
2.05049952,-1.97291599
2.05053504,-1.97066262
2.05057055,-1.96840924
2.05060607,-1.96615587
2.05064158,-1.96390249
2.05067710,-1.96164912
2.05071261,-1.95939575
2.05074813,-1.95714237
2.05078364,-1.95488900
2.05081916,-1.95263562
2.05085468,-1.95038225
2.05089019,-1.94812887
2.05092571,-1.94587550
2.05096122,-1.94362213
2.05099674,-1.94136875
2.05103225,-1.93911538
2.05106777,-1.93686200
2.05110328,-1.93460863
2.05113880,-1.93235526
2.05117431,-1.93010188
2.05120983,-1.92784851
2.05124534,-1.92559513
2.05128086,-1.92334176
2.05131637,-1.92108839
2.05135189,-1.91883501
2.05138740,-1.91658164
2.05142292,-1.91432826
2.05145843,-1.91207489
2.05149395,-1.90982152
2.05152947,-1.90756814
2.05156498,-1.90531477
2.05160050,-1.90306139
2.05163601,-1.90080802
2.05167153,-1.89855465
2.05170704,-1.89630127
2.05174256,-1.89404790
2.05177807,-1.89179452
2.05181359,-1.88954115
2.05184910,-1.88728778
2.05188462,-1.88503440
2.05192013,-1.88278103
2.05195565,-1.88052765
2.05199116,-1.87827428
2.05202668,-1.87602091
2.05206219,-1.87376753
2.05209771,-1.87151416
2.05213323,-1.86926078
2.05216874,-1.86700741
2.05220426,-1.86475404
2.05223977,-1.86250066
2.05227529,-1.86024729
2.05231080,-1.85799391
2.05234632,-1.85574054
2.05238183,-1.85348716
2.05241735,-1.85123379
2.05245286,-1.84898042
2.05248838,-1.84672704
2.05252389,-1.84447367
2.05255941,-1.84222029
2.05259492,-1.83996692
2.05263044,-1.83771355
2.05266595,-1.83546017
2.05270147,-1.83320680
2.05273698,-1.83095342
2.05277250,-1.82870005
2.05280802,-1.82644668
2.05284353,-1.82419330
2.05287905,-1.82193993
2.05291456,-1.81968655
2.05295008,-1.81743318
2.05298559,-1.81517981
2.05302111,-1.81292643
2.05305662,-1.81067306
2.05309214,-1.80841968
2.05312765,-1.80616631
2.05316317,-1.80391294
2.05319868,-1.80165956
2.05323420,-1.79940619
2.05326971,-1.79715281
2.05330523,-1.79489944
2.05334074,-1.79264607
2.05337626,-1.79039269
2.05341177,-1.78813932
2.05344729,-1.78588594
2.05348281,-1.78363257
2.05351832,-1.78137920
2.05355384,-1.77912582
2.05358935,-1.77687245
2.05362487,-1.77461907
2.05366038,-1.77236570
2.05369590,-1.77011232
2.05373141,-1.76785895
2.05376693,-1.76560558
2.05380244,-1.76335220
2.05383796,-1.76109883
2.05387347,-1.75884545
2.05390899,-1.75659208
2.05394450,-1.75433871
2.05398002,-1.75208533
2.05401553,-1.74983196
2.05405105,-1.74757858
2.05408657,-1.74532521
2.05412112,-1.74307184
2.05415561,-1.74081846
2.05419010,-1.73856509
2.05422460,-1.73631171
2.05425909,-1.73405834
2.05429358,-1.73180497
2.05432808,-1.72955159
2.05436257,-1.72729822
2.05439706,-1.72504484
2.05443156,-1.72279147
2.05446605,-1.72053810
2.05450054,-1.71828472
2.05453503,-1.71603135
2.05456953,-1.71377797
2.05460402,-1.71152460
2.05463851,-1.70927123
2.05467301,-1.70701785
2.05470750,-1.70476448
2.05474199,-1.70251110
2.05477649,-1.70025773
2.05481098,-1.69800436
2.05484547,-1.69575098
2.05487997,-1.69349761
2.05491446,-1.69124423
2.05494895,-1.68899086
2.05498344,-1.68673748
2.05501794,-1.68448411
2.05505243,-1.68223074
2.05508692,-1.67997736
2.05512142,-1.67772399
2.05515591,-1.67547061
2.05519040,-1.67321724
2.05522490,-1.67096387
2.05525939,-1.66871049
2.05529388,-1.66645712
2.05532838,-1.66420374
2.05536287,-1.66195037
2.05539736,-1.65969700
2.05543186,-1.65744362
2.05546635,-1.65519025
2.05550084,-1.65293687
2.05553533,-1.65068350
2.05556983,-1.64843013
2.05560432,-1.64617675
2.05563881,-1.64392338
2.05567331,-1.64167000
2.05570780,-1.63941663
2.05574229,-1.63716326
2.05577679,-1.63490988
2.05581128,-1.63265651
2.05584577,-1.63040313
2.05588027,-1.62814976
2.05591476,-1.62589639
2.05594925,-1.62364301
2.05598374,-1.62138964
2.05601824,-1.61913626
2.05605273,-1.61688289
2.05608722,-1.61462952
2.05612172,-1.61237614
2.05615621,-1.61012277
2.05619070,-1.60786939
2.05622520,-1.60561602
2.05625969,-1.60336265
2.05629418,-1.60110927
2.05632868,-1.59885590
2.05636317,-1.59660252
2.05639766,-1.59434915
2.05643215,-1.59209577
2.05646665,-1.58984240
2.05650114,-1.58758903
2.05653563,-1.58533565
2.05657013,-1.58308228
2.05660462,-1.58082890
2.05663911,-1.57857553
2.05667361,-1.57632216
2.05670810,-1.57406878
2.05674259,-1.57181541
2.05677709,-1.56956203
2.05681158,-1.56730866
2.05684607,-1.56505529
2.05688057,-1.56280191
2.05691506,-1.56054854
2.05694955,-1.55829516
2.05698404,-1.55604179
2.05701854,-1.55378842
2.05705303,-1.55153504
2.05708752,-1.54928167
2.05712202,-1.54702829
2.05715651,-1.54477492
2.05719100,-1.54252155
2.05722550,-1.54026817
2.05725999,-1.53801480
2.05729448,-1.53576142
2.05732898,-1.53350805
2.05736347,-1.53125468
2.05739796,-1.52900130
2.05743245,-1.52674793
2.05746695,-1.52449455
2.05750144,-1.52224118
2.05753593,-1.51998781
2.05757043,-1.51773443
2.05760492,-1.51548106
2.05763941,-1.51322768
2.05767391,-1.51097431
2.05770840,-1.50872093
2.05774289,-1.50646756
2.05777739,-1.50421419
2.05781188,-1.50196081
2.05784637,-1.49970744
2.05788087,-1.49745406
2.05791536,-1.49520069
2.05794985,-1.49294732
2.05798434,-1.49069394
2.05801884,-1.48844057
2.05805333,-1.48618719
2.05808782,-1.48393382
2.05812232,-1.48168045
2.05815681,-1.47942707
2.05819130,-1.47717370
2.05822580,-1.47492032
2.05826029,-1.47266695
2.05829478,-1.47041358
2.05832928,-1.46816020
2.05836377,-1.46590683
2.05839826,-1.46365345
2.05843275,-1.46140008
2.05846725,-1.45914671
2.05850174,-1.45689333
2.05853623,-1.45463996
2.05857073,-1.45238658
2.05860522,-1.45013321
2.05863971,-1.44787984
2.05867421,-1.44562646
2.05870870,-1.44337309
2.05874319,-1.44111971
2.05877769,-1.43886634
2.05881218,-1.43661297
2.05884667,-1.43435959
2.05888117,-1.43210622
2.05891566,-1.42985284
2.05895015,-1.42759947
2.05898464,-1.42534610
2.05901914,-1.42309272
2.05905363,-1.42083935
2.05908812,-1.41858597
2.05912262,-1.41633260
2.05915711,-1.41407922
2.05919160,-1.41182585
2.05922610,-1.40957248
2.05926059,-1.40731910
2.05929508,-1.40506573
2.05932958,-1.40281235
2.05936407,-1.40055898
2.05939856,-1.39830561
2.05943305,-1.39605223
2.05946755,-1.39379886
2.05950204,-1.39154548
2.05953653,-1.38929211
2.05957103,-1.38703874
2.05960552,-1.38478536
2.05964001,-1.38253199
2.05967451,-1.38027861
2.05970900,-1.37802524
2.05974349,-1.37577187
2.05977799,-1.37351849
2.05981248,-1.37126512
2.05984697,-1.36901174
2.05988147,-1.36675837
2.05991596,-1.36450500
2.05995045,-1.36225162
2.05998494,-1.35999825
2.06001944,-1.35774487
2.06005393,-1.35549150
2.06008842,-1.35323813
2.06012292,-1.35098475
2.06015741,-1.34873138
2.06019190,-1.34647800
2.06022640,-1.34422463
2.06026089,-1.34197126
2.06029538,-1.33971788
2.06032988,-1.33746451
2.06036437,-1.33521113
2.06039886,-1.33295776
2.06043335,-1.33070438
2.06046785,-1.32845101
2.06050234,-1.32619764
2.06053683,-1.32394426
2.06057133,-1.32169089
2.06060582,-1.31943751
2.06064031,-1.31718414
2.06067481,-1.31493077
2.06070930,-1.31267739
2.06074379,-1.31042402
2.06077829,-1.30817064
2.06081278,-1.30591727
2.06084727,-1.30366390
2.06088177,-1.30141052
2.06091626,-1.29915715
2.06095075,-1.29690377
2.06098524,-1.29465040
2.06101974,-1.29239703
2.06105423,-1.29014365
2.06108872,-1.28789028
2.06112322,-1.28563690
2.06115771,-1.28338353
2.06119220,-1.28113016
2.06122670,-1.27887678
2.06126119,-1.27662341
2.06129568,-1.27437003
2.06133018,-1.27211666
2.06136467,-1.26986329
2.06139916,-1.26760991
2.06143365,-1.26535654
2.06146815,-1.26310316
2.06150181,-1.26084979
2.06153008,-1.25859642
2.06155836,-1.25634304
2.06158663,-1.25408967
2.06161490,-1.25183629
2.06164318,-1.24958292
2.06167145,-1.24732954
2.06169972,-1.24507617
2.06172800,-1.24282280
2.06175627,-1.24056942
2.06178454,-1.23831605
2.06181282,-1.23606267
2.06184109,-1.23380930
2.06186936,-1.23155593
2.06189764,-1.22930255
2.06192591,-1.22704918
2.06195419,-1.22479580
2.06198246,-1.22254243
2.06201073,-1.22028906
2.06203901,-1.21803568
2.06206728,-1.21578231
2.06209555,-1.21352893
2.06212383,-1.21127556
2.06215210,-1.20902219
2.06218037,-1.20676881
2.06220865,-1.20451544
2.06223692,-1.20226206
2.06226519,-1.20000869
2.06229347,-1.19775532
2.06232174,-1.19550194
2.06235002,-1.19324857
2.06237829,-1.19099519
2.06240656,-1.18874182
2.06243484,-1.18648845
2.06246311,-1.18423507
2.06249138,-1.18198170
2.06251966,-1.17972832
2.06254793,-1.17747495
2.06257620,-1.17522158
2.06260448,-1.17296820
2.06263275,-1.17071483
2.06266102,-1.16846145
2.06268930,-1.16620808
2.06271757,-1.16395471
2.06274584,-1.16170133
2.06277412,-1.15944796
2.06280239,-1.15719458
2.06283067,-1.15494121
2.06285894,-1.15268783
2.06288721,-1.15043446
2.06291549,-1.14818109
2.06294376,-1.14592771
2.06297203,-1.14367434
2.06300031,-1.14142096
2.06302858,-1.13916759
2.06305685,-1.13691422
2.06308513,-1.13466084
2.06311340,-1.13240747
2.06314167,-1.13015409
2.06316995,-1.12790072
2.06319822,-1.12564735
2.06322650,-1.12339397
2.06325477,-1.12114060
2.06328304,-1.11888722
2.06331132,-1.11663385
2.06333959,-1.11438048
2.06336786,-1.11212710
2.06339614,-1.10987373
2.06342441,-1.10762035
2.06345268,-1.10536698
2.06348096,-1.10311361
2.06350923,-1.10086023
2.06353750,-1.09860686
2.06356578,-1.09635348
2.06359405,-1.09410011
2.06362232,-1.09184674
2.06365060,-1.08959336
2.06367887,-1.08733999
2.06370715,-1.08508661
2.06373542,-1.08283324
2.06376369,-1.08057987
2.06379197,-1.07832649
2.06382024,-1.07607312
2.06384851,-1.07381974
2.06387679,-1.07156637
2.06390506,-1.06931299
2.06393333,-1.06705962
2.06396161,-1.06480625
2.06398988,-1.06255287
2.06401815,-1.06029950
2.06404643,-1.05804612
2.06407470,-1.05579275
2.06410298,-1.05353938
2.06413125,-1.05128600
2.06415952,-1.04903263
2.06418780,-1.04677925
2.06421607,-1.04452588
2.06424434,-1.04227251
2.06427262,-1.04001913
2.06430089,-1.03776576
2.06432916,-1.03551238
2.06435744,-1.03325901
2.06438571,-1.03100564
2.06441398,-1.02875226
2.06444226,-1.02649889
2.06447053,-1.02424551
2.06449881,-1.02199214
2.06452708,-1.01973877
2.06455535,-1.01748539
2.06458363,-1.01523202
2.06461190,-1.01297864
2.06464017,-1.01072527
2.06466845,-1.00847190
2.06469672,-1.00621852
2.06472499,-1.00396515
2.06475327,-1.00171177
2.06478154,-0.99945840
2.06480981,-0.99720503
2.06483809,-0.99495165
2.06486636,-0.99269828
2.06489463,-0.99044490
2.06492291,-0.98819153
2.06495118,-0.98593815
2.06497946,-0.98368478
2.06500773,-0.98143141
2.06503600,-0.97917803
2.06506428,-0.97692466
2.06509255,-0.97467128
2.06512082,-0.97241791
2.06514910,-0.97016454
2.06517737,-0.96791116
2.06520564,-0.96565779
2.06523392,-0.96340441
2.06526219,-0.96115104
2.06529046,-0.95889767
2.06531874,-0.95664429
2.06534701,-0.95439092
2.06537529,-0.95213754
2.06540356,-0.94988417
2.06543183,-0.94763080
2.06546011,-0.94537742
2.06548838,-0.94312405
2.06551665,-0.94087067
2.06554493,-0.93861730
2.06557320,-0.93636393
2.06560147,-0.93411055
2.06562975,-0.93185718
2.06565802,-0.92960380
2.06568629,-0.92735043
2.06571457,-0.92509706
2.06574284,-0.92284368
2.06577111,-0.92059031
2.06579939,-0.91833693
2.06582766,-0.91608356
2.06585594,-0.91383019
2.06588421,-0.91157681
2.06591248,-0.90932344
2.06594076,-0.90707006
2.06596903,-0.90481669
2.06599730,-0.90256332
2.06602558,-0.90030994
2.06605385,-0.89805657
2.06608212,-0.89580319
2.06611040,-0.89354982
2.06613867,-0.89129644
2.06616694,-0.88904307
2.06619522,-0.88678970
2.06622349,-0.88453632
2.06625177,-0.88228295
2.06628004,-0.88002957
2.06630831,-0.87777620
2.06633659,-0.87552283
2.06636486,-0.87326945
2.06639313,-0.87101608
2.06642141,-0.86876270
2.06644968,-0.86650933
2.06647795,-0.86425596
2.06650623,-0.86200258
2.06653450,-0.85974921
2.06656277,-0.85749583
2.06659105,-0.85524246
2.06661932,-0.85298909
2.06664759,-0.85073571
2.06667587,-0.84848234
2.06670414,-0.84622896
2.06673242,-0.84397559
2.06676069,-0.84172222
2.06678896,-0.83946884
2.06681724,-0.83721547
2.06684551,-0.83496209
2.06687378,-0.83270872
2.06690206,-0.83045535
2.06693033,-0.82820197
2.06695860,-0.82594860
2.06698688,-0.82369522
2.06701515,-0.82144185
2.06704342,-0.81918848
2.06707170,-0.81693510
2.06709997,-0.81468173
2.06712825,-0.81242835
2.06715652,-0.81017498
2.06718479,-0.80792160
2.06721307,-0.80566823
2.06724134,-0.80341486
2.06726961,-0.80116148
2.06729789,-0.79890811
2.06732616,-0.79665473
2.06735443,-0.79440136
2.06738271,-0.79214799
2.06741098,-0.78989461
2.06743925,-0.78764124
2.06746753,-0.78538786
2.06749580,-0.78313449
2.06752408,-0.78088112
2.06755235,-0.77862774
2.06758062,-0.77637437
2.06760890,-0.77412099
2.06763717,-0.77186762
2.06766544,-0.76961425
2.06769372,-0.76736087
2.06772199,-0.76510750
2.06775026,-0.76285412
2.06777854,-0.76060075
2.06780681,-0.75834738
2.06783508,-0.75609400
2.06786336,-0.75384063
2.06789163,-0.75158725
2.06791990,-0.74933388
2.06794818,-0.74708051
2.06797645,-0.74482713
2.06800473,-0.74257376
2.06803300,-0.74032038
2.06806127,-0.73806701
2.06808955,-0.73581364
2.06811782,-0.73356026
2.06814609,-0.73130689
2.06817437,-0.72905351
2.06820264,-0.72680014
2.06823091,-0.72454677
2.06825919,-0.72229339
2.06828746,-0.72004002
2.06831573,-0.71778664
2.06834401,-0.71553327
2.06837228,-0.71327989
2.06840056,-0.71102652
2.06842883,-0.70877315
2.06845710,-0.70651977
2.06848538,-0.70426640
2.06851365,-0.70201302
2.06854192,-0.69975965
2.06857020,-0.69750628
2.06859847,-0.69525290
2.06862674,-0.69299953
2.06865502,-0.69074615
2.06868329,-0.68849278
2.06871156,-0.68623941
2.06873984,-0.68398603
2.06876811,-0.68173266
2.06879638,-0.67947928
2.06882466,-0.67722591
2.06885293,-0.67497254
2.06888121,-0.67271916
2.06890948,-0.67046579
2.06893775,-0.66821241
2.06896603,-0.66595904
2.06899430,-0.66370567
2.06902257,-0.66145229
2.06905085,-0.65919892
2.06907912,-0.65694554
2.06910739,-0.65469217
2.06913567,-0.65243880
2.06916394,-0.65018542
2.06919221,-0.64793205
2.06922049,-0.64567867
2.06924876,-0.64342530
2.06927704,-0.64117193
2.06930531,-0.63891855
2.06933358,-0.63666518
2.06936186,-0.63441180
2.06939013,-0.63215843
2.06941840,-0.62990505
2.06944668,-0.62765168
2.06947495,-0.62539831
2.06950322,-0.62314493
2.06953150,-0.62089156
2.06955977,-0.61863818
2.06958804,-0.61638481
2.06961632,-0.61413144
2.06964459,-0.61187806
2.06967286,-0.60962469
2.06970114,-0.60737131
2.06972941,-0.60511794
2.06975769,-0.60286457
2.06978596,-0.60061119
2.06981423,-0.59835782
2.06984251,-0.59610444
2.06987078,-0.59385107
2.06989905,-0.59159770
2.06992733,-0.58934432
2.06995560,-0.58709095
2.06998387,-0.58483757
2.07001215,-0.58258420
2.07004042,-0.58033083
2.07006869,-0.57807745
2.07009697,-0.57582408
2.07012524,-0.57357070
2.07015352,-0.57131733
2.07018179,-0.56906396
2.07021006,-0.56681058
2.07023834,-0.56455721
2.07026661,-0.56230383
2.07029488,-0.56005046
2.07032316,-0.55779709
2.07035143,-0.55554371
2.07037970,-0.55329034
2.07040798,-0.55103696
2.07043625,-0.54878359
2.07046452,-0.54653021
2.07049280,-0.54427684
2.07052107,-0.54202347
2.07054934,-0.53977009
2.07057762,-0.53751672
2.07060589,-0.53526334
2.07063417,-0.53300997
2.07066244,-0.53075660
2.07069071,-0.52850322
2.07071899,-0.52624985
2.07074726,-0.52399647
2.07077553,-0.52174310
2.07080381,-0.51948973
2.07083208,-0.51723635
2.07086035,-0.51498298
2.07088863,-0.51272960
2.07091690,-0.51047623
2.07094517,-0.50822286
2.07097345,-0.50596948
2.07100172,-0.50371611
2.07103000,-0.50146273
2.07105827,-0.49920936
2.07108654,-0.49695599
2.07111482,-0.49470261
2.07114309,-0.49244924
2.07117136,-0.49019586
2.07119964,-0.48794249
2.07122791,-0.48568912
2.07125618,-0.48343574
2.07128446,-0.48118237
2.07131273,-0.47892899
2.07134100,-0.47667562
2.07136928,-0.47442225
2.07139755,-0.47216887
2.07142583,-0.46991550
2.07145410,-0.46766212
2.07148237,-0.46540875
2.07151065,-0.46315538
2.07153892,-0.46090200
2.07156719,-0.45864863
2.07159547,-0.45639525
2.07162374,-0.45414188
2.07165201,-0.45188850
2.07168029,-0.44963513
2.07170856,-0.44738176
2.07173683,-0.44512838
2.07176511,-0.44287501
2.07179338,-0.44062163
2.07182165,-0.43836826
2.07184993,-0.43611489
2.07187820,-0.43386151
2.07190648,-0.43160814
2.07193475,-0.42935476
2.07196302,-0.42710139
2.07199130,-0.42484802
2.07201957,-0.42259464
2.07204784,-0.42034127
2.07207612,-0.41808789
2.07210439,-0.41583452
2.07213266,-0.41358115
2.07216094,-0.41132777
2.07218921,-0.40907440
2.07221748,-0.40682102
2.07224576,-0.40456765
2.07227403,-0.40231428
2.07230231,-0.40006090
2.07233058,-0.39780753
2.07235885,-0.39555415
2.07238713,-0.39330078
2.07241540,-0.39104741
2.07244367,-0.38879403
2.07247195,-0.38654066
2.07250022,-0.38428728
2.07252849,-0.38203391
2.07255677,-0.37978054
2.07258504,-0.37752716
2.07261331,-0.37527379
2.07264159,-0.37302041
2.07266986,-0.37076704
2.07269813,-0.36851366
2.07272641,-0.36626029
2.07275468,-0.36400692
2.07278296,-0.36175354
2.07281123,-0.35950017
2.07283950,-0.35724679
2.07286778,-0.35499342
2.07289605,-0.35274005
2.07292432,-0.35048667
2.07295260,-0.34823330
2.07298087,-0.34597992
2.07300914,-0.34372655
2.07303742,-0.34147318
2.07306569,-0.33921980
2.07309396,-0.33696643
2.07312224,-0.33471305
2.07315051,-0.33245968
2.07317879,-0.33020631
2.07320706,-0.32795293
2.07323533,-0.32569956
2.07326361,-0.32344618
2.07329188,-0.32119281
2.07332015,-0.31893944
2.07334843,-0.31668606
2.07337670,-0.31443269
2.07340497,-0.31217931
2.07343325,-0.30992594
2.07346152,-0.30767257
2.07348979,-0.30541919
2.07351807,-0.30316582
2.07354634,-0.30091244
2.07357461,-0.29865907
2.07360289,-0.29640570
2.07363116,-0.29415232
2.07365944,-0.29189895
2.07368771,-0.28964557
2.07371598,-0.28739220
2.07374426,-0.28513883
2.07377253,-0.28288545
2.07380080,-0.28063208
2.07382908,-0.27837870
2.07385735,-0.27612533
2.07388562,-0.27387195
2.07391390,-0.27161858
2.07394217,-0.26936521
2.07397044,-0.26711183
2.07399872,-0.26485846
2.07402699,-0.26260508
2.07405527,-0.26035171
2.07408354,-0.25809834
2.07411181,-0.25584496
2.07414009,-0.25359159
2.07416836,-0.25133821
2.07419663,-0.24908484
2.07422491,-0.24683147
2.07425318,-0.24457809
2.07428145,-0.24232472
2.07430973,-0.24007134
2.07433800,-0.23781797
2.07436627,-0.23556460
2.07439455,-0.23331122
2.07442282,-0.23105785
2.07445110,-0.22880447
2.07447937,-0.22655110
2.07450764,-0.22429773
2.07453592,-0.22204435
2.07456419,-0.21979098
2.07459246,-0.21753760
2.07462074,-0.21528423
2.07464901,-0.21303086
2.07467728,-0.21077748
2.07470556,-0.20852411
2.07473383,-0.20627073
2.07476210,-0.20401736
2.07478727,-0.20176399
2.07481073,-0.19951061
2.07483418,-0.19725724
2.07485764,-0.19500386
2.07488110,-0.19275049
2.07490456,-0.19049711
2.07492802,-0.18824374
2.07495147,-0.18599037
2.07497493,-0.18373699
2.07499839,-0.18148362
2.07502185,-0.17923024
2.07504531,-0.17697687
2.07506876,-0.17472350
2.07509222,-0.17247012
2.07511568,-0.17021675
2.07513914,-0.16796337
2.07516259,-0.16571000
2.07518605,-0.16345663
2.07520951,-0.16120325
2.07523297,-0.15894988
2.07525643,-0.15669650
2.07527988,-0.15444313
2.07530334,-0.15218976
2.07532680,-0.14993638
2.07535026,-0.14768301
2.07537371,-0.14542963
2.07539717,-0.14317626
2.07542063,-0.14092289
2.07544409,-0.13866951
2.07546755,-0.13641614
2.07549100,-0.13416276
2.07551446,-0.13190939
2.07553792,-0.12965602
2.07556138,-0.12740264
2.07558484,-0.12514927
2.07560829,-0.12289589
2.07563175,-0.12064252
2.07565521,-0.11838915
2.07567867,-0.11613577
2.07570212,-0.11388240
2.07572558,-0.11162902
2.07574904,-0.10937565
2.07577250,-0.10712227
2.07579596,-0.10486890
2.07581941,-0.10261553
2.07584287,-0.10036215
2.07586633,-0.09810878
2.07588979,-0.09585540
2.07591325,-0.09360203
2.07593670,-0.09134866
2.07596016,-0.08909528
2.07598362,-0.08684191
2.07600708,-0.08458853
2.07603053,-0.08233516
2.07605399,-0.08008179
2.07607745,-0.07782841
2.07610091,-0.07557504
2.07612437,-0.07332166
2.07614782,-0.07106829
2.07617128,-0.06881492
2.07619474,-0.06656154
2.07621820,-0.06430817
2.07624166,-0.06205479
2.07626511,-0.05980142
2.07628857,-0.05754805
2.07631203,-0.05529467
2.07633549,-0.05304130
2.07635894,-0.05078792
2.07638240,-0.04853455
2.07640586,-0.04628118
2.07642932,-0.04402780
2.07645278,-0.04177443
2.07647623,-0.03952105
2.07649969,-0.03726768
2.07652315,-0.03501431
2.07654661,-0.03276093
2.07657007,-0.03050756
2.07659352,-0.02825418
2.07661698,-0.02600081
2.07664044,-0.02374744
2.07666390,-0.02149406
2.07668735,-0.01924069
2.07671081,-0.01698731
2.07673427,-0.01473394
2.07675773,-0.01248056
2.07678119,-0.01022719
2.07680464,-0.00797382
2.07682810,-0.00572044
2.07685156,-0.00346707
2.07687502,-0.00121369
2.07689848,0.00103968
2.07692193,0.00329305
2.07694539,0.00554643
2.07696885,0.00779980
2.07699231,0.01005318
2.07701576,0.01230655
2.07703922,0.01455992
2.07706268,0.01681330
2.07708614,0.01906667
2.07710960,0.02132005
2.07713305,0.02357342
2.07715651,0.02582679
2.07717997,0.02808017
2.07720343,0.03033354
2.07722689,0.03258692
2.07725034,0.03484029
2.07727380,0.03709366
2.07729726,0.03934704
2.07732072,0.04160041
2.07734417,0.04385379
2.07736763,0.04610716
2.07739109,0.04836053
2.07741455,0.05061391
2.07743801,0.05286728
2.07746146,0.05512066
2.07748492,0.05737403
2.07750838,0.05962740
2.07753184,0.06188078
2.07755530,0.06413415
2.07757875,0.06638753
2.07760221,0.06864090
2.07762567,0.07089428
2.07764913,0.07314765
2.07767258,0.07540102
2.07769604,0.07765440
2.07771950,0.07990777
2.07774296,0.08216115
2.07776642,0.08441452
2.07778987,0.08666789
2.07781333,0.08892127
2.07783679,0.09117464
2.07786025,0.09342802
2.07788371,0.09568139
2.07790716,0.09793476
2.07793062,0.10018814
2.07795408,0.10244151
2.07797754,0.10469489
2.07800099,0.10694826
2.07802445,0.10920163
2.07804791,0.11145501
2.07807137,0.11370838
2.07809483,0.11596176
2.07811828,0.11821513
2.07814174,0.12046850
2.07816520,0.12272188
2.07818866,0.12497525
2.07821212,0.12722863
2.07823557,0.12948200
2.07825903,0.13173537
2.07828249,0.13398875
2.07830595,0.13624212
2.07832940,0.13849550
2.07835286,0.14074887
2.07837632,0.14300224
2.07839978,0.14525562
2.07842324,0.14750899
2.07844669,0.14976237
2.07847015,0.15201574
2.07849361,0.15426911
2.07851707,0.15652249
2.07854053,0.15877586
2.07856398,0.16102924
2.07858744,0.16328261
2.07861090,0.16553599
2.07863436,0.16778936
2.07865781,0.17004273
2.07868127,0.17229611
2.07870473,0.17454948
2.07872819,0.17680286
2.07875165,0.17905623
2.07877510,0.18130960
2.07879856,0.18356298
2.07882202,0.18581635
2.07884548,0.18806973
2.07886893,0.19032310
2.07889239,0.19257647
2.07891585,0.19482985
2.07893931,0.19708322
2.07896277,0.19933660
2.07898622,0.20158997
2.07900968,0.20384334
2.07903314,0.20609672
2.07905660,0.20835009
2.07908006,0.21060347
2.07910351,0.21285684
2.07912697,0.21511021
2.07915043,0.21736359
2.07917389,0.21961696
2.07919734,0.22187034
2.07922080,0.22412371
2.07924426,0.22637708
2.07926772,0.22863046
2.07929118,0.23088383
2.07931463,0.23313721
2.07933809,0.23539058
2.07936155,0.23764395
2.07938501,0.23989733
2.07940847,0.24215070
2.07943192,0.24440408
2.07945538,0.24665745
2.07947884,0.24891083
2.07950230,0.25116420
2.07952575,0.25341757
2.07954921,0.25567095
2.07957267,0.25792432
2.07959613,0.26017770
2.07961959,0.26243107
2.07964304,0.26468444
2.07966650,0.26693782
2.07968996,0.26919119
2.07971342,0.27144457
2.07973688,0.27369794
2.07976033,0.27595131
2.07978379,0.27820469
2.07980725,0.28045806
2.07983071,0.28271144
2.07985416,0.28496481
2.07987762,0.28721818
2.07990108,0.28947156
2.07992454,0.29172493
2.07994800,0.29397831
2.07997145,0.29623168
2.07999491,0.29848505
2.08001837,0.30073843
2.08004183,0.30299180
2.08006529,0.30524518
2.08008874,0.30749855
2.08011220,0.30975192
2.08013566,0.31200530
2.08015912,0.31425867
2.08018257,0.31651205
2.08020603,0.31876542
2.08022949,0.32101879
2.08025295,0.32327217
2.08027641,0.32552554
2.08029986,0.32777892
2.08032332,0.33003229
2.08034678,0.33228567
2.08037024,0.33453904
2.08039370,0.33679241
2.08041715,0.33904579
2.08044061,0.34129916
2.08046407,0.34355254
2.08048753,0.34580591
2.08051098,0.34805928
2.08053444,0.35031266
2.08055790,0.35256603
2.08058136,0.35481941
2.08060482,0.35707278
2.08062827,0.35932615
2.08065173,0.36157953
2.08067519,0.36383290
2.08069865,0.36608628
2.08072211,0.36833965
2.08074556,0.37059302
2.08076902,0.37284640
2.08079248,0.37509977
2.08081594,0.37735315
2.08083939,0.37960652
2.08086285,0.38185989
2.08088631,0.38411327
2.08090977,0.38636664
2.08093323,0.38862002
2.08095668,0.39087339
2.08098014,0.39312676
2.08100360,0.39538014
2.08102706,0.39763351
2.08105052,0.39988689
2.08107397,0.40214026
2.08109743,0.40439363
2.08112089,0.40664701
2.08114435,0.40890038
2.08116780,0.41115376
2.08119126,0.41340713
2.08121472,0.41566050
2.08123818,0.41791388
2.08126164,0.42016725
2.08128509,0.42242063
2.08130855,0.42467400
2.08133201,0.42692738
2.08135547,0.42918075
2.08137893,0.43143412
2.08140238,0.43368750
2.08142584,0.43594087
2.08144930,0.43819425
2.08147276,0.44044762
2.08149621,0.44270099
2.08151967,0.44495437
2.08154313,0.44720774
2.08156659,0.44946112
2.08159005,0.45171449
2.08161350,0.45396786
2.08163696,0.45622124
2.08166042,0.45847461
2.08168388,0.46072799
2.08170734,0.46298136
2.08173079,0.46523473
2.08175425,0.46748811
2.08177771,0.46974148
2.08180117,0.47199486
2.08182462,0.47424823
2.08184808,0.47650160
2.08187154,0.47875498
2.08189500,0.48100835
2.08191846,0.48326173
2.08194191,0.48551510
2.08196537,0.48776847
2.08198883,0.49002185
2.08201229,0.49227522
2.08203574,0.49452860
2.08205920,0.49678197
2.08208266,0.49903534
2.08210612,0.50128872
2.08212958,0.50354209
2.08215303,0.50579547
2.08217649,0.50804884
2.08219995,0.51030222
2.08222341,0.51255559
2.08224687,0.51480896
2.08227032,0.51706234
2.08229378,0.51931571
2.08231724,0.52156909
2.08234070,0.52382246
2.08236415,0.52607583
2.08238761,0.52832921
2.08241107,0.53058258
2.08243453,0.53283596
2.08245799,0.53508933
2.08248144,0.53734270
2.08250490,0.53959608
2.08252836,0.54184945
2.08255182,0.54410283
2.08257528,0.54635620
2.08259873,0.54860957
2.08262219,0.55086295
2.08264565,0.55311632
2.08266911,0.55536970
2.08269256,0.55762307
2.08271602,0.55987644
2.08273948,0.56212982
2.08276294,0.56438319
2.08278640,0.56663657
2.08280985,0.56888994
2.08283331,0.57114331
2.08285677,0.57339669
2.08288023,0.57565006
2.08290369,0.57790344
2.08292714,0.58015681
2.08295060,0.58241018
2.08297406,0.58466356
2.08299752,0.58691693
2.08302097,0.58917031
2.08304443,0.59142368
2.08306789,0.59367706
2.08309135,0.59593043
2.08311481,0.59818380
2.08313826,0.60043718
2.08316172,0.60269055
2.08318518,0.60494393
2.08320864,0.60719730
2.08323210,0.60945067
2.08325555,0.61170405
2.08327901,0.61395742
2.08330247,0.61621080
2.08332593,0.61846417
2.08334938,0.62071754
2.08337284,0.62297092
2.08339630,0.62522429
2.08341976,0.62747767
2.08344322,0.62973104
2.08346667,0.63198441
2.08349013,0.63423779
2.08351359,0.63649116
2.08353705,0.63874454
2.08356051,0.64099791
2.08358396,0.64325128
2.08360742,0.64550466
2.08363088,0.64775803
2.08365434,0.65001141
2.08367779,0.65226478
2.08370125,0.65451815
2.08372471,0.65677153
2.08374817,0.65902490
2.08377163,0.66127828
2.08379508,0.66353165
2.08381854,0.66578502
2.08384200,0.66803840
2.08386546,0.67029177
2.08388892,0.67254515
2.08391237,0.67479852
2.08393583,0.67705189
2.08395929,0.67930527
2.08398275,0.68155864
2.08400620,0.68381202
2.08402966,0.68606539
2.08405312,0.68831877
2.08407658,0.69057214
2.08410004,0.69282551
2.08412349,0.69507889
2.08414695,0.69733226
2.08417041,0.69958564
2.08419387,0.70183901
2.08421733,0.70409238
2.08424078,0.70634576
2.08426424,0.70859913
2.08428770,0.71085251
2.08431116,0.71310588
2.08433461,0.71535925
2.08435807,0.71761263
2.08438153,0.71986600
2.08440499,0.72211938
2.08442845,0.72437275
2.08445190,0.72662612
2.08447536,0.72887950
2.08449882,0.73113287
2.08452228,0.73338625
2.08454574,0.73563962
2.08456919,0.73789299
2.08459265,0.74014637
2.08461611,0.74239974
2.08463957,0.74465312
2.08466302,0.74690649
2.08468648,0.74915986
2.08470994,0.75141324
2.08473340,0.75366661
2.08475686,0.75591999
2.08478031,0.75817336
2.08480377,0.76042673
2.08482723,0.76268011
2.08485069,0.76493348
2.08487415,0.76718686
2.08489760,0.76944023
2.08492106,0.77169361
2.08494452,0.77394698
2.08496798,0.77620035
2.08499143,0.77845373
2.08501489,0.78070710
2.08503835,0.78296048
2.08506181,0.78521385
2.08508527,0.78746722
2.08510872,0.78972060
2.08513218,0.79197397
2.08515564,0.79422735
2.08517910,0.79648072
2.08520256,0.79873409
2.08522601,0.80098747
2.08524947,0.80324084
2.08527293,0.80549422
2.08529639,0.80774759
2.08531984,0.81000096
2.08534330,0.81225434
2.08536676,0.81450771
2.08539022,0.81676109
2.08541368,0.81901446
2.08543713,0.82126783
2.08546059,0.82352121
2.08548405,0.82577458
2.08550751,0.82802796
2.08553096,0.83028133
2.08555442,0.83253470
2.08557788,0.83478808
2.08560134,0.83704145
2.08562480,0.83929483
2.08564825,0.84154820
2.08567171,0.84380157
2.08569517,0.84605495
2.08571863,0.84830832
2.08574209,0.85056170
2.08576554,0.85281507
2.08578900,0.85506844
2.08581246,0.85732182
2.08583592,0.85957519
2.08585937,0.86182857
2.08588283,0.86408194
2.08590629,0.86633532
2.08592975,0.86858869
2.08595321,0.87084206
2.08597666,0.87309544
2.08600012,0.87534881
2.08602358,0.87760219
2.08604704,0.87985556
2.08607050,0.88210893
2.08609395,0.88436231
2.08611741,0.88661568
2.08614087,0.88886906
2.08616433,0.89112243
2.08618778,0.89337580
2.08621124,0.89562918
2.08623470,0.89788255
2.08625816,0.90013593
2.08628162,0.90238930
2.08630507,0.90464267
2.08632853,0.90689605
2.08635199,0.90914942
2.08637545,0.91140280
2.08639891,0.91365617
2.08642236,0.91590954
2.08644582,0.91816292
2.08646928,0.92041629
2.08649274,0.92266967
2.08651619,0.92492304
2.08653965,0.92717641
2.08656311,0.92942979
2.08658657,0.93168316
2.08661003,0.93393654
2.08663348,0.93618991
2.08665694,0.93844328
2.08668040,0.94069666
2.08670386,0.94295003
2.08672732,0.94520341
2.08675077,0.94745678
2.08677423,0.94971016
2.08679769,0.95196353
2.08682115,0.95421690
2.08684460,0.95647028
2.08686806,0.95872365
2.08689152,0.96097703
2.08691498,0.96323040
2.08693844,0.96548377
2.08696189,0.96773715
2.08698535,0.96999052
2.08700881,0.97224390
2.08703227,0.97449727
2.08705573,0.97675064
2.08707918,0.97900402
2.08710264,0.98125739
2.08712610,0.98351077
2.08714956,0.98576414
2.08717301,0.98801751
2.08719647,0.99027089
2.08721993,0.99252426
2.08724339,0.99477764
2.08726685,0.99703101
2.08729030,0.99928438
2.08731376,1.00153776
2.08733722,1.00379113
2.08736068,1.00604451
2.08738414,1.00829788
2.08740759,1.01055125
2.08743105,1.01280463
2.08745451,1.01505800
2.08747797,1.01731138
2.08750142,1.01956475
2.08752488,1.02181812
2.08754834,1.02407150
2.08757180,1.02632487
2.08759526,1.02857825
2.08761871,1.03083162
2.08764217,1.03308500
2.08766563,1.03533837
2.08768909,1.03759174
2.08771255,1.03984512
2.08773600,1.04209849
2.08775946,1.04435187
2.08778292,1.04660524
2.08780638,1.04885861
2.08782983,1.05111199
2.08785329,1.05336536
2.08787675,1.05561874
2.08790021,1.05787211
2.08792367,1.06012548
2.08794712,1.06237886
2.08797058,1.06463223
2.08799404,1.06688561
2.08801750,1.06913898
2.08804096,1.07139235
2.08806441,1.07364573
2.08808787,1.07589910
2.08811133,1.07815248
2.08813479,1.08040585
2.08815824,1.08265922
2.08818170,1.08491260
2.08820516,1.08716597
2.08822862,1.08941935
2.08825208,1.09167272
2.08827553,1.09392609
2.08829899,1.09617947
2.08832245,1.09843284
2.08834591,1.10068622
2.08836937,1.10293959
2.08839282,1.10519296
2.08841628,1.10744634
2.08843974,1.10969971
2.08846320,1.11195309
2.08848665,1.11420646
2.08851011,1.11645983
2.08853357,1.11871321
2.08855703,1.12096658
2.08858049,1.12321996
2.08860394,1.12547333
2.08862740,1.12772671
2.08865086,1.12998008
2.08867432,1.13223345
2.08869778,1.13448683
2.08872123,1.13674020
2.08874469,1.13899358
2.08876815,1.14124695
2.08879161,1.14350032
2.08881506,1.14575370
2.08883852,1.14800707
2.08886198,1.15026045
2.08888544,1.15251382
2.08890890,1.15476719
2.08893235,1.15702057
2.08895581,1.15927394
2.08897927,1.16152732
2.08900273,1.16378069
